{"IcoMoonType":"selection","icons":[{"icon":{"paths":["M804.571 420.571v109.714c0 30.286-24.571 54.857-54.857 54.857h-237.714v237.714c0 30.286-24.571 54.857-54.857 54.857h-109.714c-30.286 0-54.857-24.571-54.857-54.857v-237.714h-237.714c-30.286 0-54.857-24.571-54.857-54.857v-109.714c0-30.286 24.571-54.857 54.857-54.857h237.714v-237.714c0-30.286 24.571-54.857 54.857-54.857h109.714c30.286 0 54.857 24.571 54.857 54.857v237.714h237.714c30.286 0 54.857 24.571 54.857 54.857z"],"width":804.5714285714286,"attrs":[],"isMulticolor":false,"isMulticolor2":false,"tags":["plus"],"defaultCode":61543,"grid":14},"attrs":[],"properties":{"name":"plus","id":1,"order":534,"prevSize":28,"code":61543},"setIdx":0,"setId":2,"iconIdx":1},{"icon":{"paths":["M804.571 420.571v109.714c0 30.286-24.571 54.857-54.857 54.857h-694.857c-30.286 0-54.857-24.571-54.857-54.857v-109.714c0-30.286 24.571-54.857 54.857-54.857h694.857c30.286 0 54.857 24.571 54.857 54.857z"],"width":804.5714285714286,"attrs":[],"isMulticolor":false,"isMulticolor2":false,"tags":["minus"],"defaultCode":61544,"grid":14},"attrs":[],"properties":{"name":"minus","id":3,"order":535,"prevSize":28,"code":61544},"setIdx":0,"setId":2,"iconIdx":3},{"icon":{"paths":["M954.857 323.429c0 14.286-5.714 28.571-16 38.857l-491.429 491.429c-10.286 10.286-24.571 16-38.857 16s-28.571-5.714-38.857-16l-284.571-284.571c-10.286-10.286-16-24.571-16-38.857s5.714-28.571 16-38.857l77.714-77.714c10.286-10.286 24.571-16 38.857-16s28.571 5.714 38.857 16l168 168.571 374.857-375.429c10.286-10.286 24.571-16 38.857-16s28.571 5.714 38.857 16l77.714 77.714c10.286 10.286 16 24.571 16 38.857z"],"width":1024,"attrs":[],"isMulticolor":false,"isMulticolor2":false,"tags":["check"],"defaultCode":61452,"grid":14},"attrs":[],"properties":{"name":"check","id":16,"order":526,"prevSize":28,"code":61452},"setIdx":0,"setId":2,"iconIdx":16},{"icon":{"paths":["M741.714 755.429c0 14.286-5.714 28.571-16 38.857l-77.714 77.714c-10.286 10.286-24.571 16-38.857 16s-28.571-5.714-38.857-16l-168-168-168 168c-10.286 10.286-24.571 16-38.857 16s-28.571-5.714-38.857-16l-77.714-77.714c-10.286-10.286-16-24.571-16-38.857s5.714-28.571 16-38.857l168-168-168-168c-10.286-10.286-16-24.571-16-38.857s5.714-28.571 16-38.857l77.714-77.714c10.286-10.286 24.571-16 38.857-16s28.571 5.714 38.857 16l168 168 168-168c10.286-10.286 24.571-16 38.857-16s28.571 5.714 38.857 16l77.714 77.714c10.286 10.286 16 24.571 16 38.857s-5.714 28.571-16 38.857l-168 168 168 168c10.286 10.286 16 24.571 16 38.857z"],"width":804.5714285714286,"attrs":[],"isMulticolor":false,"isMulticolor2":false,"tags":["close","remove","times"],"defaultCode":61453,"grid":14},"attrs":[],"properties":{"name":"close","id":17,"order":527,"prevSize":28,"code":61453},"setIdx":0,"setId":2,"iconIdx":17},{"icon":{"paths":["M585.143 512c0-80.571-65.714-146.286-146.286-146.286s-146.286 65.714-146.286 146.286 65.714 146.286 146.286 146.286 146.286-65.714 146.286-146.286zM877.714 449.714v126.857c0 8.571-6.857 18.857-16 20.571l-105.714 16c-6.286 18.286-13.143 35.429-22.286 52 19.429 28 40 53.143 61.143 78.857 3.429 4 5.714 9.143 5.714 14.286s-1.714 9.143-5.143 13.143c-13.714 18.286-90.857 102.286-110.286 102.286-5.143 0-10.286-2.286-14.857-5.143l-78.857-61.714c-16.571 8.571-34.286 16-52 21.714-4 34.857-7.429 72-16.571 106.286-2.286 9.143-10.286 16-20.571 16h-126.857c-10.286 0-19.429-7.429-20.571-17.143l-16-105.143c-17.714-5.714-34.857-12.571-51.429-21.143l-80.571 61.143c-4 3.429-9.143 5.143-14.286 5.143s-10.286-2.286-14.286-6.286c-30.286-27.429-70.286-62.857-94.286-96-2.857-4-4-8.571-4-13.143 0-5.143 1.714-9.143 4.571-13.143 19.429-26.286 40.571-51.429 60-78.286-9.714-18.286-17.714-37.143-23.429-56.571l-104.571-15.429c-9.714-1.714-16.571-10.857-16.571-20.571v-126.857c0-8.571 6.857-18.857 15.429-20.571l106.286-16c5.714-18.286 13.143-35.429 22.286-52.571-19.429-27.429-40-53.143-61.143-78.857-3.429-4-5.714-8.571-5.714-13.714s2.286-9.143 5.143-13.143c13.714-18.857 90.857-102.286 110.286-102.286 5.143 0 10.286 2.286 14.857 5.714l78.857 61.143c16.571-8.571 34.286-16 52-21.714 4-34.857 7.429-72 16.571-106.286 2.286-9.143 10.286-16 20.571-16h126.857c10.286 0 19.429 7.429 20.571 17.143l16 105.143c17.714 5.714 34.857 12.571 51.429 21.143l81.143-61.143c3.429-3.429 8.571-5.143 13.714-5.143s10.286 2.286 14.286 5.714c30.286 28 70.286 63.429 94.286 97.143 2.857 3.429 4 8 4 12.571 0 5.143-1.714 9.143-4.571 13.143-19.429 26.286-40.571 51.429-60 78.286 9.714 18.286 17.714 37.143 23.429 56l104.571 16c9.714 1.714 16.571 10.857 16.571 20.571z"],"width":877.7142857142857,"attrs":[],"isMulticolor":false,"isMulticolor2":false,"tags":["cog","gear"],"defaultCode":61459,"grid":14},"attrs":[],"properties":{"name":"gear","id":22,"order":533,"prevSize":28,"code":61459},"setIdx":0,"setId":2,"iconIdx":22},{"icon":{"paths":["M292.571 420.571v329.143c0 10.286-8 18.286-18.286 18.286h-36.571c-10.286 0-18.286-8-18.286-18.286v-329.143c0-10.286 8-18.286 18.286-18.286h36.571c10.286 0 18.286 8 18.286 18.286zM438.857 420.571v329.143c0 10.286-8 18.286-18.286 18.286h-36.571c-10.286 0-18.286-8-18.286-18.286v-329.143c0-10.286 8-18.286 18.286-18.286h36.571c10.286 0 18.286 8 18.286 18.286zM585.143 420.571v329.143c0 10.286-8 18.286-18.286 18.286h-36.571c-10.286 0-18.286-8-18.286-18.286v-329.143c0-10.286 8-18.286 18.286-18.286h36.571c10.286 0 18.286 8 18.286 18.286zM658.286 834.286v-541.714h-512v541.714c0 27.429 15.429 43.429 18.286 43.429h475.429c2.857 0 18.286-16 18.286-43.429zM274.286 219.429h256l-27.429-66.857c-1.714-2.286-6.857-5.714-9.714-6.286h-181.143c-3.429 0.571-8 4-9.714 6.286zM804.571 237.714v36.571c0 10.286-8 18.286-18.286 18.286h-54.857v541.714c0 62.857-41.143 116.571-91.429 116.571h-475.429c-50.286 0-91.429-51.429-91.429-114.286v-544h-54.857c-10.286 0-18.286-8-18.286-18.286v-36.571c0-10.286 8-18.286 18.286-18.286h176.571l40-95.429c11.429-28 45.714-50.857 76-50.857h182.857c30.286 0 64.571 22.857 76 50.857l40 95.429h176.571c10.286 0 18.286 8 18.286 18.286z"],"width":804.5714285714286,"attrs":[],"isMulticolor":false,"isMulticolor2":false,"tags":["trash-o"],"defaultCode":61460,"grid":14},"attrs":[],"properties":{"name":"trash","id":23,"order":528,"prevSize":28,"code":61460},"setIdx":0,"setId":2,"iconIdx":23},{"icon":{"paths":["M996.571 804.571c25.143 0 33.143 16 17.714 36l-72 92.571c-15.429 20-40.571 20-56 0l-72-92.571c-15.429-20-7.429-36 17.714-36h45.714v-585.143h-45.714c-25.143 0-33.143-16-17.714-36l72-92.571c15.429-20 40.571-20 56 0l72 92.571c15.429 20 7.429 36-17.714 36h-45.714v585.143h45.714zM46.286 73.714l30.857 15.429c4 1.714 108.571 2.857 120.571 2.857 50.286 0 100.571-2.286 150.857-2.286 41.143 0 81.714 0.571 122.857 0.571h167.429c22.857 0 36 5.143 51.429-16.571l24-0.571c5.143 0 10.857 0.571 16 0.571 1.143 64 1.143 128 1.143 192 0 20 0.571 42.286-2.857 62.286-12.571 4.571-25.714 8.571-38.857 10.286-13.143-22.857-22.286-48-30.857-73.143-4-11.429-17.714-88.571-18.857-89.714-12-14.857-25.143-12-42.857-12-52 0-106.286-2.286-157.714 4-2.857 25.143-5.143 52-4.571 77.714 0.571 160.571 2.286 321.143 2.286 481.714 0 44-6.857 90.286 5.714 132.571 43.429 22.286 94.857 25.714 139.429 45.714 1.143 9.143 2.857 18.857 2.857 28.571 0 5.143-0.571 10.857-1.714 16.571l-19.429 0.571c-81.143 2.286-161.143-10.286-242.857-10.286-57.714 0-115.429 10.286-173.143 10.286-0.571-9.714-1.714-20-1.714-29.714v-5.143c21.714-34.857 100-35.429 136-56.571 12.571-28 10.857-182.857 10.857-218.857 0-115.429-3.429-230.857-3.429-346.286v-66.857c0-10.286 2.286-51.429-4.571-59.429-8-8.571-82.857-6.857-92.571-6.857-21.143 0-82.286 9.714-98.857 21.714-27.429 18.857-27.429 133.143-61.714 135.429-10.286-6.286-24.571-15.429-32-25.143v-218.857z"],"width":1029.7051428571428,"attrs":[],"isMulticolor":false,"isMulticolor2":false,"tags":["text-height"],"defaultCode":61492,"grid":14},"attrs":[],"properties":{"name":"text-height","id":53,"order":536,"prevSize":28,"code":61492},"setIdx":0,"setId":2,